{"cameraMode":{"drawMode":0,"name":"Shaded","section":"Shading Mode"},"sceneLighting":false,"audioPlay":false,"sceneViewState":{"showFog":true,"showMaterialUpdate":true,"showSkybox":false,"showFlares":true,"showImageEffects":true,"showParticleSystems":true},"in2DMode":false,"pivot":{"x":-0.5667705535888672,"y":1.0510249137878419,"z":-0.7239310145378113},"rotation":{"x":0.3525272011756897,"y":0.11191055923700333,"z":-0.04250941425561905,"w":0.9281163811683655},"size":0.4330126941204071,"orthographic":false}