{"cameraMode":{"drawMode":0,"name":"Shaded","section":"Shading Mode"},"sceneLighting":true,"audioPlay":false,"sceneViewState":{"showFog":true,"showMaterialUpdate":true,"showSkybox":true,"showFlares":true,"showImageEffects":true,"showParticleSystems":true},"in2DMode":false,"pivot":{"x":-3.570162057876587,"y":1.625885248184204,"z":-2.1672306060791017},"rotation":{"x":0.2569674849510193,"y":0.08827737718820572,"z":-0.023579832166433336,"w":0.9620940685272217},"size":2.972487449645996,"orthographic":false}