{"cameraMode":{"drawMode":0,"name":"Shaded","section":"Shading Mode"},"sceneLighting":true,"audioPlay":false,"sceneViewState":{"showFog":true,"showMaterialUpdate":true,"showSkybox":false,"showFlares":true,"showImageEffects":true,"showParticleSystems":true},"in2DMode":false,"pivot":{"x":2.0799999237060549,"y":1.399999976158142,"z":1.0399999618530274},"rotation":{"x":-0.30888423323631289,"y":0.4766835868358612,"z":-0.1835157573223114,"w":-0.8023189902305603},"size":2.2430057525634767,"orthographic":false}